"Name", "Stars", "Forks", "Open_issues", "Subscribers"
"squeel", 2310, 201, 87, 59,
"kaminari", , , , ,
"albacore", 214, 69, 21, 16,
"flink", 2292, 1617, 219, 309,
"action_args", 322, 16, 2, 19,
"appsly-android-rest", 215, 52, 7, 47,
"groupdate", 2161, 144, 17, 39,
"classy_enum", , , , ,
"adhearsion", 537, 104, 57, 44,
"drill", 788, 541, 138, 151,
"android-common", 146, 50, 2, 21,
"koala", 3201, 438, 25, 96,
"batch_api", 244, 40, 16, 9,
"AsciidocFX", 630, 107, 87, 76,
"babushka", 754, 102, 0, 13,
"AcDisplay", 707, 219, 69, 58,
"lhm", 1400, 139, 33, 150,
"nerve", 765, 116, 14, 179,
"gistub", 237, 36, 3, 27,
"supernode", 107, 40, 2, 21,
"searchkick", 3560, 408, 66, 84,
"aws-sdk-java", 1952, 1449, 94, 259,
"cakebox", 109, 21, 15, 13,
"avoinministerio", 96, 51, 62, 11,
"storm", 4146, 3072, 156, 621,
"LittleProxy", 877, 400, 51, 95,
"airlift", 199, 106, 47, 35,
"powerpack", 227, 15, 4, 8,
"mongoid-history", , , , ,
"CLAVIN", 186, 76, 27, 54,
"awestruct", 246, 75, 59, 15,
"gman", 98, 61, 3, 10,
"riak-java-client", 258, 151, 14, 111,
"qu", 515, 52, 11, 8,
"azkaban", 1148, 592, 304, 168,
"azure-activedirectory-library-for-android", 85, 65, 28, 75,
"r18n", 491, 69, 8, 12,
"stream-lib", 1567, 413, 23, 201,
"mongomapper", 1629, 398, 74, 34,
"nyny", 274, 15, 1, 14,
"vagrant-berkshelf", 389, 98, 18, 30,
"elephant-bird", 1035, 375, 75, 219,
"net-http-persistent", 195, 74, 32, 9,
"synapse", 1640, 226, 49, 212,
"knapsack", 218, 47, 2, 4,
"gusteau", 69, 18, 7, 55,
"jenkins_api_client", 309, 176, 53, 17,
"java-repl", 1117, 163, 13, 56,
"asciidoctor", 1364, 300, 558, 100,
"stubby4j", 196, 64, 2, 25,
"jsonapi", 218, 97, 48, 22,
"asciinema.org", 1023, 108, 25, 33,
"activewarehouse-etl", 232, 114, 68, 23,
"database_cleaner", 2058, 393, 98, 38,
"asciidoctor-diagram", 135, 32, 13, 20,
"nobrainer", 370, 53, 15, 18,
"maid", 1391, 60, 47, 56,
"vanity", 1338, 280, 29, 18,
"bike_index", 124, 29, 52, 20,
"sensu-community-plugins", 507, 727, 0, 72,
"dmix", 480, 180, 144, 56,
"geocoder", 4493, 901, 59, 107,
"fat_free_crm", 2885, 1116, 71, 143,
"sshkey", 187, 28, 1, 8,
"homebrew-bundle", 1341, 79, 0, 42,
"autoprefixer-rails", 986, 50, 1, 15,
"percheron", 156, 6, 0, 6,
"librarian", 687, 68, 43, 28,
"azure-sdk-for-ruby", 164, 175, 52, 54,
"leaderboard", 418, 56, 1, 31,
"rubocop", 7621, 1316, 220, 188,
"platform", 107, 61, 6, 23,
"Lightning-Browser", 814, 448, 242, 116,
"basex", 288, 197, 33, 60,
"word-to-markdown", 749, 84, 1, 28,
"twilio-java", 256, 222, 10, 78,
"Google-Maps-for-Rails", 2228, 388, 26, 101,
"active_model_serializers", 4169, 1161, 157, 113,
"tunemygc", 292, 16, 11, 12,
"table_print", 531, 38, 20, 14,
"authlogic", 3965, 561, 110, 56,
"parse-ruby-client", 428, 145, 23, 18,
"heaven", 584, 125, 2, 24,
"active_decorator", 629, 80, 11, 34,
"naught", 979, 52, 8, 29,
"bitcoinj", 1128, 877, 199, 175,
"active_attr", 966, 61, 53, 29,
"garethr-docker", 379, 513, 160, 47,
"serif", 122, 11, 6, 7,
"slice", 229, 52, 5, 43,
"traccar", 918, 791, 1181, 165,
"jmonkeyengine", 1401, 525, 137, 207,
"activejpa", 130, 38, 4, 19,
"stamp", 945, 20, 4, 8,
"activeadmin", 7320, 2648, 186, 219,
"active_scaffold", 923, 306, 26, 28,
"hashie", 2225, 253, 34, 43,
"monetize", 167, 66, 4, 18,
"versioncake", 495, 30, 5, 11,
"imdb", 292, 131, 0, 21,
"micro-server", 740, 171, 47, 130,
"flatten_record", 88, 8, 5, 5,
"chef-docker", , , , ,
"bump", 76, 30, 4, 4,
"aws-sdk-ruby", 2314, 743, 23, 154,
"android-wail-app", 129, 36, 57, 19,
"balanced-ruby", 115, 51, 21, 8,
"ransack", 3310, 518, 114, 87,
"redis-doc", 887, 717, 52, 97,
"hraven", 115, 54, 33, 151,
"py4j", 307, 69, 59, 33,
"blacklight", 490, 183, 89, 67,
"video_info", 275, 112, 7, 22,
"magickly", 182, 35, 14, 6,
"tajo", 95, 96, 37, 16,
"napa", 342, 77, 15, 27,
"morphia", 106, 27, 27, 32,
"jekyll-auth", 469, 63, 11, 11,
"jackrabbit-oak", 196, 217, 37, 56,
"cloudhopper-smpp", 328, 226, 28, 191,
"jobsworth", 591, 204, 40, 47,
"biojava", 185, 178, 67, 57,
"gpslogger", 718, 340, 40, 110,
"parse_resource", 253, 108, 34, 11,
"twilio-ruby", 970, 302, 35, 90,
"berkshelf-api", 79, 71, 23, 19,
"thredds", 150, 141, 189, 46,
"sling", 199, 249, 45, 40,
"intellij-elixir", 646, 41, 105, 25,
"attr_encrypted", 1224, 172, 39, 41,
"hbc", 686, 291, 43, 212,
"config", 2680, 424, 108, 167,
"helpful-web", 176, 111, 10, 17,
"commons", 1320, 366, 100, 248,
"wraith", 3988, 264, 55, 178,
"fake_dynamo", 147, 35, 3, 13,
"cas-addons", 54, 26, 0, 29,
"HearthSim", 289, 67, 21, 20,
"docker-maven-plugin", 5, 5, 0, 4,
"Jently", 92, 22, 5, 4,
"dotenv", 4009, 270, 8, 51,
"calabash-ios", 1539, 348, 77, 131,
"versionist", 847, 40, 7, 15,
"ark", , , , ,
"activerecord-typedstore", 103, 24, 9, 10,
"zeus", 3142, 195, 103, 64,
"bostonrb", 212, 71, 12, 20,
"bugsnag-android", 485, 115, 7, 43,
"omnibus", 868, 215, 67, 114,
"minitest-rails", 439, 103, 6, 13,
"puppet-boxen", 75, 110, 6, 9,
"elastictastic", 90, 12, 10, 36,
"rabl-rails", 187, 48, 13, 7,
"reckon", 261, 36, 16, 14,
"celluloid-zmq", 86, 26, 4, 16,
"tubaina", 81, 33, 13, 34,
"jsonapi-resources", 1776, 352, 263, 70,
"textizen", 67, 22, 11, 49,
"puppet-osx", 106, 101, 24, 21,
"DDT", , , , ,
"Hanlon", , , , ,
"tephra", 151, 40, 2, 80,
"overcommit", 1897, 148, 24, 84,
"mysql2", 1600, 354, 48, 62,
"impressionist", 1006, 229, 72, 30,
"page-object", 533, 189, 37, 82,
"datagrid", 754, 93, 7, 26,
"bnd", 270, 172, 61, 40,
"awesome_nested_set", 1941, 417, 90, 53,
"vraptor", 400, 229, 29, 61,
"better_errors", 6130, 395, 67, 192,
"invoker", 379, 37, 25, 27,
"cloud_controller_ng", 96, 248, 18, 165,
"Bolts-Android", 3160, 466, 14, 226,
"cancancan", 3511, 342, 50, 93,
"bugsnag-ruby", 135, 114, 15, 13,
"browsercms", 1213, 1186, 317, 60,
"rbnacl", 633, 47, 6, 32,
"carrierwave", 7471, 1327, 152, 152,
"follow-all", 83, 29, 11, 86,
"trailmix", 390, 63, 2, 28,
"testng", 824, 591, 392, 140,
"ci_reporter", 332, 111, 12, 12,
"interactor", 1613, 93, 12, 53,
"ceph-cookbook", 84, 114, 46, 87,
"clocker", 413, 64, 55, 40,
"vagrant-butcher", 129, 12, 4, 4,
"rack-cors", 2008, 172, 38, 41,
"picard", 262, 195, 68, 120,
"codetriage", 666, 199, 39, 46,
"celluloid", 3524, 255, 62, 115,
"vraptor4", 318, 297, 45, 91,
"simplecov", 2994, 316, 45, 60,
"camping", 570, 74, 23, 32,
"glide", 15231, 3143, 295, 845,
"pageflow", 513, 89, 15, 34,
"comfortable-mexican-sofa", 2122, 521, 97, 79,
"SmoothProgressBar", 3615, 996, 21, 195,
"bndtools", 185, 95, 203, 28,
"uaa", 568, 469, 98, 179,
"AsakusaSatellite", 91, 16, 7, 11,
"HikariCP", 4526, 674, 22, 374,
"airborne", 911, 106, 42, 25,
"choco3", , , , ,
"chef", 4817, 2006, 543, 411,
"celluloid-io", 883, 88, 31, 57,
"colorize", 727, 89, 4, 15,
"BuildCraft", 945, 458, 81, 241,
"annotate_models", 2547, 325, 57, 40,
"redstorm", 314, 60, 40, 20,
"reel", 612, 84, 44, 27,
"adopt-a-hydrant", 374, 264, 31, 72,
"crawljax", 351, 186, 73, 64,
"audited", 1826, 410, 86, 39,
"github-markdown-preview", 105, 12, 0, 7,
"mamute", 273, 137, 48, 58,
"cloudify", 325, 151, 3, 88,
"json_spec", 820, 104, 15, 25,
"boxen", 1595, 147, 20, 70,
"YCSB", 1584, 1030, 140, 163,
"checkstyle", 1959, 943, 340, 149,
"backbone-rails", 1690, 284, 54, 41,
"business_time", 706, 156, 15, 8,
"font-awesome-rails", 1491, 186, 1, 38,
"timers", , , , ,
"rails3-jquery-autocomplete", 968, 399, 75, 76,
"grocer", 1009, 121, 24, 27,
"android-gpuimage", 3659, 1272, 248, 295,
"javaslang", , , , ,
"Airesis", 95, 56, 8, 16,
"dry_crud", 108, 13, 0, 16,
"oryx", 1420, 415, 1, 274,
"pg_search", 1864, 224, 106, 52,
"spark-dataflow", 317, 59, 4, 54,
"webmagic", 4434, 2377, 118, 625,
"monologue", 479, 192, 20, 21,
"rapidash", 151, 17, 1, 2,
"dcell", 622, 62, 13, 37,
"concerto", 211, 80, 47, 44,
"intellij-haskforce", 365, 27, 83, 37,
"rack-attack", 3226, 177, 23, 161,
"huginn", , , , ,
"citygram", 146, 76, 27, 32,
"formotion", 638, 107, 22, 37,
"warden", 281, 118, 0, 157,
"toshi", 857, 208, 100, 94,
"connectbot", 824, 357, 139, 102,
"calagator", 334, 214, 45, 33,
"warbler", 786, 175, 66, 35,
"hipchat-rb", 344, 188, 17, 31,
"que", 1099, 71, 22, 30,
"compass-rails", 607, 243, 3, 24,
"play-authenticate", 788, 366, 81, 81,
"slop", 827, 50, 1, 17,
"makrio", 66, 13, 5, 19,
"sufia", 111, 85, 51, 56,
"sidekiq", 7447, 1300, 9, 227,
"chef-sugar", 307, 90, 11, 14,
"vagrant-parallels", 693, 61, 5, 44,
"rspec-mocks", 782, 266, 33, 44,
"mechanize", 3382, 403, 46, 85,
"ews-java-api", 460, 324, 228, 124,
"praxis", , , , ,
"stove", 148, 39, 8, 8,
"ProviGen", 233, 21, 19, 29,
"sevntu.checkstyle", 127, 103, 67, 18,
"by_star", 794, 55, 8, 16,
"vagrant-windows", 449, 92, 2, 36,
"Quality-Tools-for-Android", 1202, 222, 32, 120,
"EMV-NFC-Paycard-Enrollment", 458, 203, 14, 75,
"cassandra_object", 54, 19, 8, 24,
"druid", 4842, 1162, 681, 464,
"AndroidImageSlider", 4228, 1439, 225, 233,
"equalizer", 190, 24, 3, 9,
"do", 146, 67, 24, 15,
"DSpace", 293, 660, 80, 97,
"Achilles", 164, 59, 12, 34,
"recommendable", 1197, 95, 16, 47,
"fakefs", , , , ,
"beanstalkd_view", 127, 29, 6, 7,
"ey-cloud-recipes", 1032, 271, 55, 33,
"veritas", 0, 0, 0, 1,
"dradisframework", , , , ,
"rspec-rerun", 94, 35, 8, 3,
"activerecord-turntable", 152, 19, 7, 22,
"starscope", 150, 11, 10, 5,
"onebox", 406, 106, 37, 23,
"buck", 4608, 715, 265, 271,
"cat", 3007, 1506, 4, 577,
"metrics", 4859, 1284, 138, 378,
"ruby-driver", 173, 56, 4, 48,
"airplay", 1029, 70, 24, 39,
"embulk", 869, 106, 101, 109,
"dynjs", 604, 95, 33, 47,
"coverband", 1018, 47, 3, 13,
"newrelic", , , , ,
"metaforce", 69, 66, 21, 10,
"androidannotations", , , , ,
"chef-mongodb", 379, 432, 107, 43,
"logstash", 7440, 2127, 877, 615,
"thor", 3687, 386, 157, 67,
"ffaker", , , , ,
"waffle", , , , ,
"jackson-databind", 1261, 550, 174, 120,
"java-driver", 786, 574, 19, 155,
"geometry-api-java", 263, 126, 31, 81,
"capifony", 782, 250, 58, 34,
"pundit", 5159, 392, 34, 115,
"dropwizard", 5669, 60, 84, 453,
"vertx-jersey", , , , ,
"susy", , , , ,
"ventriloquist", 380, 17, 20, 27,
"party_foul", 535, 49, 19, 15,
"doorkeeper", 3496, 692, 45, 104,
"foreman", 4287, 511, 5, 78,
"heroku_san", , , , ,
"frontend-maven-plugin", 1714, 425, 116, 114,
"methadone", 504, 50, 11, 8,
"errbit", 3649, 923, 82, 98,
"engineyard-serverside", 60, 32, 12, 97,
"rxjava-jdbc", 497, 73, 21, 43,
"mutations", 1062, 57, 18, 34,
"faye-websocket-ruby", 749, 70, 4, 27,
"redmine_dmsf", 243, 129, 49, 59,
"exist", 167, 95, 273, 58,
"jackson-annotations", 500, 161, 10, 58,
"adamantium", 344, 13, 8, 13,
"metriks", 485, 52, 14, 11,
"puppet-library", 90, 23, 8, 8,
"moco", 1712, 462, 62, 205,
"jsondoc", 231, 119, 73, 35,
"memoizable", 89, 7, 4, 10,
"icare", 128, 91, 10, 30,
"diaspora", 11227, 2818, 403, 487,
"jetty.project", 1360, 871, 299, 206,
"rails_panel", 2865, 117, 23, 60,
"twofishes", 435, 61, 13, 111,
"api-pagination", 418, 75, 9, 13,
"ember-rails", 1405, 278, 18, 68,
"physical-web", 5868, 714, 65, 647,
"deeplearning4j", 6619, 2989, 416, 894,
"gli", 981, 90, 58, 24,
"axiom", 436, 23, 7, 25,
"draper", 4095, 453, 26, 83,
"dozer", 824, 299, 174, 83,
"engineyard", 125, 46, 13, 98,
"auto_html", 727, 187, 7, 26,
"metadata-extractor", 621, 138, 53, 73,
"hacker-news-android", 305, 38, 19, 17,
"presto", , , , ,
"contracts.ruby", 1100, 62, 39, 25,
"rtesseract", 364, 58, 12, 11,
"ice_nine", 215, 19, 11, 10,
"expertiza", 120, 550, 112, 19,
"excon", 809, 201, 52, 27,
"boom", 1053, 112, 3, 18,
"faraday_middleware", 407, 153, 23, 16,
"mercenary", 107, 21, 4, 8,
"encrypt.to", 81, 13, 9, 10,
"killbill", 1379, 244, 66, 85,
"minimapper", 89, 6, 8, 8,
"catarse", 0, 0, 0, 1,
"wombat", 945, 103, 14, 48,
"eventmachine", 3531, 551, 168, 108,
"RubyTree", 233, 63, 7, 11,
"jackson-core", 1155, 400, 28, 142,
"practicing-ruby-web", 89, 31, 26, 8,
"knife-solo", 797, 204, 88, 33,
"Essentials", 539, 906, 9, 82,
"envied", 227, 29, 8, 7,
"feedbin", 1823, 190, 60, 102,
"alf.io", 193, 69, 60, 31,
"prmd", 1717, 153, 74, 52,
"dita-ot", 163, 92, 363, 65,
"zabbixapi", 98, 58, 2, 22,
"sprinkles", 803, 91, 22, 47,
"crono", 472, 30, 14, 9,
"ink", 97, 22, 11, 16,
"rebound", 4427, 775, 22, 369,
"spaceship", , , , ,
"genson", 143, 34, 38, 21,
"MozStumbler", 518, 211, 179, 56,
"vagrant-lxc", 1097, 148, 59, 70,
"rails-api", 5176, 303, 11, 196,
"jruby-rack", 393, 128, 11, 32,
"wicked", 1913, 131, 4, 48,
"sensu-puppet", 152, 273, 54, 35,
"refinerycms", 3452, 1267, 35, 119,
"javapoet", 3413, 481, 41, 224,
"mtgox", 100, 61, 2, 9,
"samson", 921, 175, 59, 258,
"bundler-audit", 1413, 106, 43, 46,
"es", 1438, 1428, 30, 373,
"grape-swagger", 0, 0, 0, 0,
"nokogiri", 4388, 614, 152, 138,
"logging", 419, 78, 4, 8,
"scribe-java", , , , ,
"frab", 163, 72, 72, 30,
"activevalidators", 276, 46, 0, 12,
"hutch", 601, 96, 17, 81,
"bazel", , , , ,
"geminabox", 1162, 271, 15, 30,
"fluent-logger-ruby", 177, 62, 10, 17,
"yt", 506, 108, 46, 56,
"social_stream", 1104, 305, 47, 107,
"git-scm.com", 1387, 666, 52, 166,
"ruby-jmeter", 555, 107, 17, 41,
"github-services", 1879, 1369, 2, 142,
"signet", 211, 104, 22, 19,
"phony", 639, 161, 11, 16,
"hyperresource", 315, 29, 12, 14,
"developer.github.com", , , , ,
"grails-core", 2120, 885, 126, 215,
"loofah", 615, 78, 27, 16,
"linguist", 4688, 1834, 92, 165,
"kramdown", 1075, 175, 7, 43,
"Hydra", 76, 39, 66, 18,
"gwtbootstrap3", 324, 143, 10, 60,
"json", 450, 179, 80, 26,
"goclipse", 685, 208, 35, 105,
"statesman", 856, 96, 21, 80,
"mocha", 859, 125, 68, 20,
"githug", 4741, 740, 3, 168,
"guard-minitest", 217, 82, 11, 7,
"fenixedu-academic", 111, 67, 69, 28,
"hackety-hack.com", 155, 94, 20, 17,
"error-prone", 2582, 255, 167, 151,
"bullet", 4602, 234, 24, 68,
"gon", 2403, 149, 28, 55,
"selecta", 1135, 75, 7, 33,
"fontcustom", 3059, 394, 107, 110,
"fast_gettext", 276, 61, 2, 8,
"grpc-java", 2697, 837, 342, 384,
"guard-livereload", 1893, 127, 16, 55,
"bh", 816, 73, 32, 64,
"growstuff", 223, 157, 173, 24,
"google-api-ruby-client", 1576, 434, 25, 82,
"strong_parameters", 1259, 172, 66, 46,
"cardslib", 4666, 1287, 179, 356,
"hamster", 1606, 76, 17, 37,
"guard-spork", 306, 60, 7, 10,
"Ruby-Graphviz", 437, 80, 25, 21,
"jjwt", 1694, 292, 56, 141,
"DataflowJavaSDK", 764, 336, 30, 130,
"auto", 4959, 520, 109, 299,
"swarmize", 157, 12, 1, 25,
"fongo", 149, 139, 0, 110,
"vacuum", 426, 65, 3, 27,
"decent_exposure", 1495, 85, 6, 31,
"closure-compiler", 3289, 679, 660, 237,
"fluent-plugin-s3", 139, 116, 18, 17,
"mockito", 4592, 871, 136, 275,
"listen", 950, 132, 35, 45,
"greenDAO", 7626, 2276, 164, 515,
"guard-rspec", 1045, 219, 23, 19,
"gemoji", 2661, 392, 9, 131,
"rails-bestpractices.com", 134, 25, 2, 5,
"Glowstone", 293, 113, 50, 63,
"parallel_tests", 2027, 370, 72, 35,
"seadroid", 251, 163, 55, 52,
"Rubype", 379, 16, 13, 16,
"scholarsphere", 60, 21, 148, 16,
"rails_best_practices", 3327, 236, 46, 79,
"docs", 260, 333, 26, 48,
"gitlab-ci", 1515, 346, 71, 127,
"fog", 4006, 1560, 47, 132,
"rails", 35581, 14510, 1193, 2411,
"s3_website", 1752, 134, 42, 54,
"vedeu", 549, 25, 12, 19,
"spring", 2268, 236, 82, 79,
"Ektorp", 237, 111, 69, 23,
"gistflow", 110, 28, 27, 10,
"go-lang-idea-plugin", 4325, 511, 435, 290,
"observed", 89, 3, 0, 11,
"graylog2-server", 3160, 468, 364, 203,
"ForgeEssentialsMain", , , , ,
"hub", 10355, 969, 187, 220,
"griffon", 170, 64, 12, 27,
"pages-gem", 1039, 163, 28, 74,
"truth", 998, 112, 47, 71,
"JavaHamcrest", 1104, 198, 54, 99,
"guard", 5330, 454, 42, 125,
"android-db-commons", 236, 23, 8, 35,
"gioco", , , , ,
"jasmine-maven-plugin", 287, 160, 57, 29,
"gradle", 4845, 1751, 577, 384,
"raven-java", 250, 135, 28, 21,
"wukong", 514, 64, 12, 52,
"jesque", 405, 93, 13, 41,
"gwt-bootstrap", 424, 196, 84, 57,
"guice", 5028, 808, 259, 446,
"fluentd", 5236, 632, 72, 305,
"nesta", 898, 134, 20, 21,
"middleman-s3_sync", 253, 62, 12, 8,
"neography", 606, 147, 22, 39,
"axlsx", 1994, 445, 161, 65,
"wwtd", 288, 18, 7, 10,
"haml", 3147, 515, 17, 97,
"rails_email_preview", 438, 51, 5, 15,
"android-crop", 3535, 1013, 97, 184,
"parallel", 2514, 168, 30, 66,
"premailer-rails", 949, 178, 1, 10,
"rails_apps_composer", 1396, 300, 41, 60,
"frege", 2755, 118, 63, 180,
"i18n-tasks", 1230, 105, 13, 35,
"browser", 1464, 259, 21, 43,
"guava", 16315, 3844, 744, 1658,
"gitlab-ci-runner", 179, 119, 41, 49,
"realtime-store", 194, 42, 0, 32,
"pushmeup", 329, 130, 48, 19,
"graphhopper", 1181, 515, 182, 133,
"sprockets-rails", 371, 167, 38, 43,
"hobbit", 256, 20, 2, 12,
"html-proofer", 750, 90, 32, 21,
"snpr", 3, 4, 0, 1,
"geoserver", 802, 878, 23, 174,
"find-sec-bugs", 10, 5, 0, 4,
"heroku", , , , ,
"homebrew-nginx", 272, 103, 6, 27,
"hiki", 80, 37, 12, 28,
"bibtex-ruby", 122, 24, 9, 10,
"stripe_event", 524, 52, 1, 22,
"heroku.rb", 171, 45, 15, 50,
"graphite", , , , ,
"Android-Rate", 463, 136, 23, 23,
"jinjava", 184, 40, 5, 44,
"childprocess", , , , ,
"modelmapper", , , , ,
"canvas-lms", 2037, 886, 122, 240,
"rest-assured", , , , ,
"thredded", , , , ,
"http-2", 701, 45, 5, 42,
"java-design-patterns", 18774, 6318, 172, 1888,
"jquery-ui-rails", , , , ,
"heroku-buildpack-ruby", 519, 1430, 30, 70,
"apartment", 1576, 262, 74, 103,
"pliny", 685, 63, 27, 26,
"blanket", 420, 19, 3, 14,
"JsonPath", , , , ,
"protector", 283, 25, 18, 19,
"Openfire", 1184, 829, 18, 197,
"btrace", , , , ,
"rstat.us", 751, 224, 90, 43,
"capybara", , , , ,
"countries", 1049, 442, 22, 35,
"epubcheck", 568, 221, 113, 141,
"rspec-given", 630, 56, 12, 20,
"iqvoc", 71, 26, 45, 19,
"idea-gitignore", 389, 72, 36, 22,
"metainspector", 725, 118, 10, 26,
"ruby-progressbar", 1091, 105, 9, 21,
"Singularity", 651, 127, 41, 58,
"rubydns", 466, 57, 1, 31,
"jcabi-aspects", 296, 95, 40, 34,
"konacha", 1065, 105, 18, 29,
"homebrew-science", 925, 913, 162, 59,
"embedmongo-maven-plugin", 71, 36, 6, 8,
"rubyretriever", 117, 17, 4, 6,
"veewee", 4068, 828, 112, 199,
"jsoup", 4442, 1284, 221, 342,
"sequel", 3149, 615, 1, 91,
"turnip", 863, 92, 2, 39,
"rouge", 1943, 340, 173, 44,
"jcabi-github", 128, 84, 109, 11,
"git-process", 68, 23, 31, 12,
"integrity", 679, 194, 8, 13,
"htty", 1738, 64, 34, 31,
"sms-backup-plus", 1064, 365, 130, 144,
"rake", 1165, 5, 6, 39,
"license-maven-plugin", 92, 45, 21, 9,
"honeybadger-ruby", 119, 79, 3, 4,
"qiita-markdown", 256, 22, 1, 32,
"attrio", 206, 8, 6, 10,
"omniauth", , , , ,
"Android-ObservableScrollView", 7481, 1892, 164, 404,
"Android-OrmLiteContentProvider", 176, 49, 5, 19,
"jekyll-redirect-from", 309, 55, 10, 9,
"flipper", 984, 97, 15, 30,
"osgi-jax-rs-connector", 166, 80, 40, 36,
"chef-php-extra", 61, 54, 15, 20,
"octopress", 9568, 3012, 276, 383,
"javaparser", 1073, 274, 99, 69,
"jfxtras-labs", 131, 61, 4, 40,
"rufus-scheduler", 1661, 156, 6, 36,
"lita", , , , ,
"parceler", 2786, 210, 16, 86,
"etsy", 146, 74, 12, 19,
"cql-rb", 111, 39, 1, 16,
"functional-ruby", 470, 17, 2, 27,
"inaturalist", 131, 83, 278, 25,
"jsonschema2pojo", 2747, 821, 66, 159,
"jubilee", 339, 14, 8, 24,
"DiskLruCache", 3533, 893, 16, 241,
"ruby-units", 262, 88, 13, 15,
"timber", 4021, 419, 34, 186,
"consul-cookbook", 151, 198, 10, 27,
"html-pipeline", 1787, 252, 33, 74,
"jenkins.rb", 395, 76, 31, 155,
"javaee7-samples", 1765, 1292, 109, 350,
"hapi-fhir", 369, 307, 194, 106,
"openwayback", 171, 118, 89, 47,
"bookyt", 165, 41, 40, 29,
"jsr354-api", 156, 53, 7, 50,
"jekyll-sitemap", 388, 53, 9, 21,
"joda-time", 2863, 632, 14, 207,
"influxdb-ruby", , , , ,
"artoo", 1428, 130, 17, 88,
"api_auth", 355, 124, 17, 17,
"u2020", 4737, 883, 18, 331,
"jasmine-gem", 654, 267, 3, 23,
"jmxtrans", 1159, 360, 69, 97,
"httparty", 4098, 689, 36, 55,
"jOOQ", 1728, 447, 1383, 132,
"intercom-ruby", 177, 90, 19, 135,
"serve", 858, 100, 25, 24,
"syncany", 1286, 157, 135, 138,
"Smack", 1326, 604, 9, 200,
"imap-backup", 152, 10, 11, 10,
"dandelion", 735, 59, 10, 29,
"rspec-puppet", 347, 164, 60, 29,
"sqlite3-ruby", 361, 120, 28, 15,
"metasploit-framework", 8347, 5169, 368, 1153,
"retina_rails", 128, 41, 5, 5,
"XChange", 834, 504, 33, 126,
"simple_deploy", 63, 18, 23, 28,
"rbtc_arbitrage", 208, 72, 8, 42,
"brimir", 1259, 311, 8, 76,
"jcabi-http", 92, 40, 29, 12,
"Algorithms", 2012, 562, 1, 174,
"oauth2", 1650, 462, 120, 30,
"pdf-reader", 993, 183, 31, 40,
"redmine_git_hosting", 253, 76, 42, 47,
"cheatsheets", 319, 283, 2, 12,
"jsonld-java", 201, 99, 28, 33,
"jruby", 2828, 745, 714, 174,
"cistern", 80, 13, 4, 3,
"fpm", 7669, 783, 438, 274,
"zxing-android-embedded", 1741, 534, 45, 127,
"mailgun_rails", 184, 53, 17, 5,
"jtwig", 174, 41, 19, 25,
"gson-fire", 141, 10, 5, 15,
"grape-rabl", , , , ,
"retire", 1911, 546, 97, 52,
"fast-ruby", 3606, 230, 38, 185,
"fastlane", , , , ,
"copycat", , , , ,
"seeing_is_believing", 854, 35, 9, 20,
"junit", , , , ,
"formtastic", 4967, 615, 32, 72,
"blogit", 230, 115, 22, 20,
"shortcode", 202, 29, 7, 2,
"librato-metrics", 99, 35, 9, 34,
"supersonic", 208, 61, 43, 31,
"githubranking", , , , ,
"keen-gem", 173, 65, 17, 37,
"ccw", , , , ,
"view", , , , ,
"simple_enum", 356, 51, 9, 8,
"carrierwave_backgrounder", 641, 185, 36, 15,
"languagetool", 1246, 278, 121, 90,
"gretel", 788, 84, 30, 16,
"rails-footnotes", 1436, 135, 15, 15,
"review", 519, 110, 63, 58,
"lotus", , , , ,
"engine", 2209, 648, 80, 103,
"jPOS", 271, 252, 3, 75,
"fluent-plugin-bigquery", 186, 61, 5, 25,
"wisper", 1982, 85, 7, 55,
"localeapp", 203, 52, 9, 12,
"horesase-boys", , , , ,
"mongodb_logger", 142, 48, 2, 8,
"sardine", 198, 102, 41, 26,
"swot", 593, 3625, 190, 22,
"swagger-maven-plugin", 329, 231, 130, 43,
"disconf", 2399, 1241, 103, 439,
"temple", 380, 34, 4, 11,
"jsprit", , , , ,
"CoffeeTags", 179, 22, 14, 7,
"maglev", 493, 37, 144, 23,
"router", , , , ,
"RoaringBitmap", , , , ,
"unitwise", 203, 15, 6, 10,
"utils", , , , ,
"light-admin", 537, 233, 88, 61,
"devise_token_auth", 1910, 570, 360, 54,
"Duke", 421, 143, 95, 65,
"jphp", 1280, 132, 12, 113,
"http-request", 2168, 590, 55, 209,
"librato-rails", 131, 20, 10, 39,
"pivotal-tracker", 359, 196, 27, 12,
"fnordmetric", , , , ,
"pingpong", 305, 45, 8, 59,
"sawyer", 197, 54, 10, 9,
"wicket-bootstrap", 270, 131, 5, 48,
"vectorz", 124, 27, 12, 17,
"bitcoin-ruby", 615, 185, 22, 71,
"psd.rb", 2932, 212, 16, 109,
"mailboxer", 1461, 412, 129, 58,
"eye", 991, 65, 7, 42,
"controller", , , , ,
"linq4j", 193, 68, 1, 26,
"datafu", 590, 150, 4, 82,
"optiq", 222, 80, 85, 43,
"faraday", 3581, 565, 38, 81,
"manageiq", 453, 464, 906, 78,
"akka-tracing", 257, 29, 18, 28,
"zabbix", 91, 140, 47, 14,
"deliver", , , , ,
"treat", 1256, 121, 35, 75,
"PassAndroid", 260, 56, 53, 12,
"coveralls-ruby", 86, 67, 23, 15,
"db-charmer", 623, 115, 19, 36,
"activerecord-jdbc-adapter", 416, 331, 64, 45,
"github-preview", 100, 48, 20, 4,
"android-async-http", 9808, 4337, 204, 869,
"milkode", 136, 26, 13, 18,
"lodge", 455, 93, 27, 86,
"maven-git-commit-id-plugin", 520, 120, 35, 30,
"mamiya", 450, 13, 3, 18,
"elasticsearch-jdbc", 1960, 576, 404, 202,
"rake-pipeline", 288, 39, 31, 15,
"figaro", 3038, 227, 63, 46,
"roboguice", 3883, 933, 151, 351,
"yard", 1252, 261, 22, 32,
"unread", 442, 70, 7, 7,
"chatterbot", 427, 113, 2, 36,
"hound", , , , ,
"lenskit", 585, 240, 123, 75,
"activerecord-import", 1857, 429, 13, 32,
"angelo", 290, 19, 16, 20,
"hydra_attribute", 173, 26, 15, 15,
"quine-relay", 5918, 308, 5, 190,
"couch_potato", 317, 61, 5, 9,
"xcjobs", 116, 14, 0, 7,
"casting", 279, 15, 2, 12,
"approvals", 156, 29, 14, 7,
"meta-tags", 1713, 214, 13, 35,
"netbeans-gradle-project", 146, 62, 53, 37,
"xcpretty", 2314, 163, 56, 61,
"loomio", 1409, 476, 53, 106,
"crystal", , , , ,
"nyara", 85, 10, 12, 11,
"owner", 496, 115, 74, 47,
"js-routes", 1229, 111, 5, 47,
"fzf", 8848, 351, 58, 188,
"pronto", , , , ,
"pebble", , , , ,
"dotify", , , , ,
"foreigner", 1353, 135, 7, 25,
"dalli", , , , ,
"airbrussh", 488, 23, 11, 11,
"less-rails", 347, 95, 26, 16,
"less-rails-bootstrap", 595, 114, 1, 20,
"picasa", 79, 48, 0, 13,
"counter_culture", 785, 97, 5, 15,
"httpclient", 573, 204, 46, 24,
"lazy_high_charts", 1003, 232, 28, 38,
"netsuite", 122, 141, 43, 15,
"manshar", 159, 89, 48, 28,
"middleman-autoprefixer", 113, 6, 1, 5,
"urlbuilder", 118, 43, 1, 14,
"vagrant", 14610, 3105, 303, 756,
"configatron", 562, 59, 1, 12,
"redis-objects", 1645, 196, 19, 46,
"socket.io-client.java", , , , ,
"gaffe", 186, 13, 5, 51,
"humanize", 151, 12, 5, 11,
"mail", 2674, 653, 197, 71,
"backburner", 374, 53, 48, 19,
"wicked_pdf", 2311, 419, 138, 52,
"devise-async", 521, 105, 16, 16,
"resque-pool", 412, 126, 36, 7,
"lorsource", 141, 64, 65, 13,
"mcMMO", 356, 340, 375, 59,
"god", 2039, 480, 112, 104,
"msgpack-java", 718, 195, 27, 78,
"rpm", 923, 453, 11, 49,
"omniauth-facebook", 1025, 297, 23, 40,
"neo4j-core", 87, 60, 29, 13,
"closure_tree", 1060, 153, 36, 33,
"spring", 849, 869, 29, 201,
"barge", 76, 22, 15, 16,
"nodejs-cookbook", 162, 143, 0, 10,
"pdfsam", 325, 54, 27, 32,
"mixpanel-ruby", 131, 49, 10, 53,
"gem_updater", 129, 3, 2, 3,
"lolcommits", 3799, 249, 33, 48,
"merit", 1062, 152, 2, 51,
"mirakel-android", 340, 101, 52, 38,
"site_prism", 861, 129, 53, 44,
"morphia", 1128, 333, 141, 146,
"middleman", 5787, 585, 97, 194,
"hivemall", 484, 156, 45, 78,
"denominator", 443, 80, 28, 278,
"Laevatein", 170, 33, 7, 40,
"unparser", 153, 33, 4, 8,
"Markus", 158, 183, 142, 11,
"puppet", 4443, 1838, 74, 496,
"anima", 145, 10, 6, 10,
"rabl", 3466, 341, 118, 86,
"middleman-guides", , , , ,
"minimagick", 2001, 262, 4, 46,
"nanoc", 1527, 209, 3, 58,
"java-apns", 1508, 594, 129, 203,
"capybara-screenshot", 812, 133, 36, 19,
"mustache", 2375, 219, 22, 43,
"Piggydb", 86, 28, 14, 22,
"sprockets", 2711, 32, 0, 61,
"authority", 1280, 50, 0, 32,
"google_calendar", 256, 125, 6, 20,
"ProjectRed", 289, 129, 59, 66,
"turbo-sprockets-rails3", 1003, 77, 40, 25,
"mongoid-elasticsearch", 65, 22, 12, 9,
"guard-rubocop", 195, 34, 8, 3,
"Hystrix", 9559, 1892, 83, 1073,
"dragonfly", 2009, 225, 61, 38,
"will_paginate", 5058, 831, 103, 82,
"vcr", 38, 12, 0, 1,
"devise_cas_authenticatable", 239, 105, 18, 7,
"nginx", 439, 774, 63, 61,
"acts-as-taggable-on", 4004, 885, 184, 85,
"mina", 3519, 390, 44, 100,
"markdownlint", 338, 33, 51, 6,
"mutant", 1296, 90, 116, 41,
"sepa_king", 96, 58, 7, 15,
"chef-vault", , , , ,
"mp3agic", 520, 183, 24, 50,
"origin", 63, 32, 24, 9,
"ginatra", 494, 61, 6, 22,
"pinpoint", 3672, 1151, 112, 488,
"jade4j", 546, 107, 24, 61,
"fb_graph", 1081, 199, 0, 35,
"rack-mini-profiler", 2153, 245, 57, 51,
"yobi", 363, 162, 202, 86,
"RubyTraining", 119, 33, 9, 47,
"Spout", 361, 128, 0, 37,
"searchlight", 513, 14, 0, 15,
"docile", 239, 18, 0, 10,
"plutus", 376, 133, 12, 36,
"chef-percona", 109, 194, 58, 17,
"backports", 265, 26, 10, 9,
"search_cop", 461, 14, 7, 12,
"moped", 209, 168, 91, 24,
"girl_friday", 589, 24, 8, 12,
"cape", 182, 4, 6, 3,
"spiceweasel", 306, 72, 9, 26,
"mongoid-rspec", 455, 178, 10, 17,
"mybatis-3", 4769, 3401, 91, 811,
"nodeclipse-1", 146, 68, 85, 23,
"gitlab", 456, 200, 21, 36,
"neo4j", 1126, 219, 151, 52,
"sorcery", 2460, 450, 79, 79,
"friendly_id", 4553, 468, 61, 73,
"unirest-java", 1149, 355, 108, 82,
"nugrant", 114, 11, 3, 4,
"openid_connect", 208, 40, 4, 14,
"json-jwt", 155, 34, 0, 9,
"tugboat", , , , ,
"jodd", 1718, 450, 7, 170,
"rhc", 238, 232, 32, 33,
"promiscuous", 401, 33, 9, 36,
"DraggablePanel", 2570, 537, 46, 143,
"Android-DirectoryChooser", 423, 128, 23, 26,
"ecrire", 120, 11, 1, 5,
"play", 2734, 393, 32, 127,
"mifosx", 168, 692, 26, 50,
"octopress", 1562, 155, 52, 102,
"termit", 504, 21, 0, 25,
"brightspot-cms", 117, 48, 25, 123,
"openproject", 1423, 502, 15, 135,
"putsreq", 135, 18, 2, 8,
"open-build-service", 259, 186, 345, 52,
"padrino-framework", 3030, 473, 30, 136,
"opentsdb", 2498, 795, 324, 304,
"onebusaway-android", 202, 152, 129, 27,
"opal-jquery", 178, 53, 10, 14,
"oryx", 1097, 293, 3, 170,
"pdfkit", 2364, 335, 39, 34,
"ruby", 106, 70, 7, 30,
"rspec-sidekiq", 322, 91, 26, 9,
"thinking-sphinx", 1520, 474, 14, 32,
"eclipse-typescript", 307, 58, 62, 45,
"finite_machine", , , , ,
"protostuff", 556, 117, 18, 64,
"spring-data-jdbc-repository", 235, 100, 12, 36,
"OpenGrok", 1517, 319, 387, 139,
"puppetlabs-firewall", 255, 383, 69, 191,
"privly-web", 62, 24, 8, 9,
"ruby-openid", 266, 121, 19, 12,
"htm.java", 201, 121, 27, 61,
"OpenRefine", 4437, 800, 381, 511,
"Renderers", 1031, 151, 3, 63,
"nutz", 1437, 817, 14, 247,
"openpnp", 243, 122, 66, 77,
"pivotal_workstation", 684, 177, 0, 36,
"morph", 298, 53, 296, 23,
"capsule", 1023, 67, 10, 54,
"spark", 6063, 1187, 94, 384,
"pry", 4657, 423, 184, 113,
"premailer", 1809, 296, 91, 59,
"orbeon-forms", 284, 162, 1075, 38,
"rewrite", 127, 61, 48, 19,
"chef-monit", 71, 77, 16, 6,
"simple_form", 6614, 1104, 88, 193,
"owlapi", 238, 170, 90, 45,
"opensoc-streaming", 105, 75, 7, 89,
"daybreak", 203, 16, 1, 14,
"opal", 3506, 257, 117, 115,
"Twig-Eclipse-Plugin", 108, 19, 22, 9,
"MooseX", 125, 4, 9, 13,
"hipbot", 90, 10, 2, 9,
"responders", 1559, 116, 9, 38,
"peek", 2674, 130, 13, 62,
"logback", 960, 520, 94, 122,
"jna", , , , ,
"puppetlabs-mongodb", 81, 367, 33, 167,
"github_cli", , , , ,
"p6spy", 417, 112, 31, 42,
"asin", 152, 55, 0, 9,
"podio-rb", 62, 40, 5, 50,
"spree_social", 194, 238, 24, 32,
"puma", 4787, 705, 74, 159,
"progit", 5580, 2477, 24, 493,
"Symfony-2-Eclipse-Plugin", 222, 41, 32, 12,
"github", , , , ,
"orientation", 304, 68, 27, 20,
"rundeck", 1921, 430, 790, 182,
"java-sdk", 236, 228, 6, 39,
"chef-postgresql", 188, 140, 15, 9,
"recommendify", 1578, 143, 21, 74,
"psi-probe", 408, 186, 125, 57,
"HoloEverywhere", 2278, 720, 49, 176,
"brakeman", 4163, 407, 57, 171,
"goliath", 2382, 222, 29, 92,
"hiera", 271, 193, 1, 174,
"openstreetmap-website", 618, 394, 301, 65,
"dockly", 187, 6, 1, 17,
"facter", 474, 409, 4, 182,
"sanitize_email", 144, 28, 2, 9,
"emojicon", 2715, 766, 61, 171,
"puppetlabs-rabbitmq", 154, 455, 53, 168,
"faraday_middleware", 2, 1, 0, 1,
"jackpot", 79, 12, 5, 2,
"marionette-collective", 212, 205, 5, 166,
"queue_classic", 1050, 132, 22, 28,
"stoplight", 176, 18, 4, 19,
"popHealth", 120, 135, 26, 42,
"beefcake", 260, 51, 9, 10,
"on_ruby", 122, 65, 2, 13,
"poise", 118, 23, 7, 16,
"devise", 17045, 3912, 127, 509,
"cron-checker", 116, 17, 13, 7,
"bogus", 355, 14, 14, 13,
"shoryuken", 957, 141, 10, 37,
"sprout-osx-apps", 417, 133, 1, 25,
"android", 2107, 2382, 325, 353,
"prawn", 3352, 575, 59, 98,
"yaks", 228, 22, 26, 16,
"quasar", 2538, 298, 65, 224,
"openfoodnetwork", 181, 110, 542, 49,
"LicenseFinder", 621, 128, 40, 39,
"did_you_mean", 1553, 54, 1, 27,
"rabbit", 135, 33, 10, 21,
"asset_sync", , , , ,
"rest-driver", 156, 42, 17, 18,
"lograge", 1979, 148, 8, 34,
"redis_failover", 537, 67, 22, 45,
"rolify", 2077, 299, 107, 60,
"rspec-rails", 3265, 646, 52, 102,
"redline-smalltalk", 250, 38, 16, 36,
"storio", 2386, 155, 56, 113,
"radiant", 1673, 338, 65, 72,
"refinerycms-blog", 295, 236, 24, 16,
"redis-rb", 2868, 651, 76, 78,
"librarian-puppet", 723, 194, 48, 40,
"protected_attributes", 194, 78, 2, 27,
"rehttp", 60, 12, 3, 6,
"rpush", 1063, 182, 87, 57,
"ruby-net-ldap", 290, 205, 47, 20,
"rollbar-gem", 271, 175, 52, 33,
"quickml", 205, 45, 5, 21,
"pushy", 612, 188, 12, 132,
"tilt", 1650, 198, 11, 29,
"p2-maven-plugin", 146, 55, 30, 26,
"pact", 1506, 127, 34, 87,
"etcd-ruby", 122, 32, 10, 10,
"puppetlabs-stdlib", 327, 504, 15, 193,
"quickeebooks", 83, 67, 9, 10,
"querydsl", 1299, 341, 262, 117,
"rubinius", 2700, 612, 209, 120,
"paranoia", , , , ,
"json-schema", 840, 181, 70, 27,
"money-rails", 966, 287, 21, 31,
"refile", 2345, 219, 106, 65,
"amqp", 597, 141, 4, 21,
"concurrent-ruby", 3555, 197, 49, 114,
"coderay", 645, 97, 96, 24,
"twig", 266, 13, 11, 5,
"savon", 1662, 493, 138, 46,
"Rx.rb", , , , ,
"RxJava", 24098, 4239, 36, 1783,
"rails-assets", , , , ,
"Rebuild", 175, 23, 6, 15,
"revily", 109, 12, 15, 18,
"puppet-lint", 623, 175, 45, 54,
"activejob", 783, 51, 1, 42,
"exception_handler", 248, 40, 3, 9,
"sugarcube", 442, 69, 7, 22,
"sass", 9746, 1781, 198, 649,
"rubyzip", 789, 192, 70, 28,
"LogisticsPipes", 127, 76, 222, 47,
"ruboto", 1962, 171, 106, 104,
"RoboZombie", 92, 15, 3, 3,
"shopqi", 742, 282, 10, 65,
"rdf", 314, 75, 6, 22,
"sanitize", 1650, 104, 1, 19,
"rubycas-client", 322, 219, 30, 20,
"BubbleWrap", 1216, 215, 27, 47,
"gyoku", 161, 55, 14, 7,
"slf4j", 741, 371, 63, 82,
"ruby", 12133, 3381, 146, 1128,
"redpen", , , , ,
"letter_opener", 2559, 181, 4, 32,
"ruby2js", 90, 4, 1, 4,
"rubber", 1491, 249, 109, 51,
"right_link", 60, 15, 3, 74,
"jbuilder", 2984, 282, 41, 85,
"webcam-capture", 919, 642, 142, 132,
"rubygems", 1770, 909, 153, 140,
"timecop", 2364, 146, 46, 27,
"jInstagram", 280, 165, 15, 34,
"elasticity", 103, 40, 8, 7,
"recurly-client-ruby", 140, 100, 9, 76,
"linner", 279, 38, 8, 16,
"reek", 2358, 158, 40, 43,
"forem", , , , ,
"gem-release", 307, 40, 4, 15,
"react-rails", 4151, 441, 37, 107,
"resque", 7811, 1448, 56, 254,
"diametric", 159, 24, 26, 10,
"RxAndroid", 12277, 2131, 6, 977,
"rdoc", 402, 314, 64, 21,
"RubyCastsBrasil", , , , ,
"stringex", 960, 136, 12, 19,
"facets", 614, 88, 31, 20,
"travis.rb", 785, 210, 155, 58,
"rspec-core", 812, 584, 25, 60,
"json-ld", 143, 15, 1, 16,
"rspec-expectations", 882, 296, 24, 54,
"CASino", 292, 110, 30, 30,
"teamocil", 1624, 78, 9, 40,
"metrics-spring", 483, 175, 49, 59,
"ruhoh.rb", 641, 75, 89, 43,
"transitions", 493, 91, 7, 13,
"rspec-collection_matchers", 90, 13, 5, 15,
"RxNetty", 781, 193, 64, 161,
"yell", 311, 14, 1, 6,
"spontaneous", 83, 12, 49, 8,
"activeresource", 720, 241, 54, 55,
"activerecord-postgis-adapter", 552, 151, 61, 38,
"nested_form", 1757, 489, 87, 39,
"tachikoma", 128, 21, 34, 7,
"hologram", 2020, 204, 46, 137,
"stripe-ruby-mock", 533, 321, 89, 21,
"nodejs", 192, 175, 31, 20,
"blueflood", 526, 81, 35, 111,
"her", 1545, 280, 119, 36,
"globalid", 534, 68, 3, 26,
"minimal-json", 415, 128, 17, 51,
"erjang", 595, 40, 29, 45,
"restlet-framework-java", 522, 232, 808, 98,
"money", 1749, 419, 14, 71,
"sinatra-assetpack", 573, 112, 46, 11,
"sugar", , , , ,
"gepub", 143, 24, 16, 12,
"slanger", 1499, 163, 22, 59,
"sensu", 2598, 364, 52, 187,
"shoes4", 1107, 176, 112, 64,
"liquid", 5495, 701, 86, 413,
"addressable", 962, 143, 23, 23,
"randumb", 201, 24, 2, 4,
"spree_wishlist", 89, 148, 8, 18,
"ice_cube", 1539, 247, 24, 45,
"shipit-engine", 523, 45, 31, 169,
"virtus", 3465, 215, 61, 76,
"einhorn", 1267, 27, 12, 83,
"memfs", 273, 16, 5, 6,
"rocket_pants", 959, 115, 38, 26,
"shopify_app", 582, 251, 27, 218,
"mustache.java", 1104, 192, 21, 71,
"test-kitchen", 1199, 453, 189, 124,
"sign-in-with-twitter", 138, 40, 0, 12,
"robospice", 3011, 597, 83, 244,
"ruby-git", 1210, 382, 177, 34,
"selendroid", 597, 370, 116, 130,
"stringer", 2644, 296, 12, 96,
"NoNonsense-FilePicker", 526, 91, 21, 23,
"t", 4232, 323, 124, 125,
"restheart", 323, 82, 5, 35,
"android-times-square", 3723, 1100, 44, 257,
"skylight-ruby", 137, 47, 18, 12,
"shopify_theme", 643, 125, 51, 190,
"identity_cache", 1297, 138, 9, 201,
"mysql-binlog-connector-java", 399, 161, 21, 75,
"cathode", 85, 6, 8, 11,
"structr", 436, 99, 42, 55,
"multi_xml", 128, 27, 12, 6,
"octopus", , , , ,
"helios", 1770, 160, 28, 85,
"java-object-diff", 398, 99, 24, 34,
"enroscar", 193, 24, 7, 33,
"statsd-instrument", 358, 57, 13, 168,
"Sponge", , , , ,
"logstasher", 591, 113, 37, 15,
"slim", 4307, 398, 36, 124,
"spree_i18n", 296, 654, 36, 35,
"polipus", 96, 30, 13, 12,
"okio", 3784, 619, 18, 223,
"sonarqube", 1755, 638, 18, 177,
"shopify_api", 395, 190, 50, 211,
"seyren", 816, 212, 46, 69,
"cassandra-reaper", 189, 62, 35, 120,
"nori", 199, 65, 18, 3,
"sagan", 1038, 524, 108, 136,
"retrofit", 21078, 4343, 56, 1362,
"makara", 421, 85, 26, 38,
"rails_admin", 6494, 1912, 347, 162,
"spring-cloud-config", 483, 407, 113, 123,
"spree_gateway", 145, 344, 27, 41,
"Jest", 802, 406, 98, 130,
"wire", 1968, 283, 30, 141,
"rubicure", 84, 11, 0, 9,
"foundation_rails_helper", 155, 80, 3, 6,
"moshi", 2704, 201, 27, 146,
"straight-server", 113, 22, 1, 14,
"verdict", 89, 9, 2, 153,
"schema_plus", 667, 89, 33, 25,
"keywhiz", 1714, 139, 37, 81,
"docker-api", 799, 235, 44, 54,
"rails-erd", 2121, 233, 53, 42,
"mosql", 1361, 181, 56, 87,
"android-menudrawer", 2665, 1257, 25, 283,
"okhttp", 19706, 4905, 104, 1352,
"execjs", 1139, 30, 11, 37,
"android-maven-plugin", 985, 401, 74, 96,
"spotlight", , , , ,
"scout", 50, 28, 35, 16,
"picasso", 13343, 3515, 178, 953,
"gamebox", 265, 34, 22, 25,
"spock", 1537, 261, 224, 128,
"spring-data-examples", 1169, 1101, 34, 197,
"dagger", 6130, 1889, 61, 440,
"analytics-android", 203, 104, 7, 57,
"redmon", 1426, 132, 16, 65,
"lxc-ruby", 93, 16, 1, 8,
"surrounded", 145, 12, 0, 10,
"spree", 8373, 3827, 241, 462,
"NotePad", 346, 157, 85, 30,
"spree_active_shipping", 136, 178, 34, 22,
"assertj-android", 1466, 162, 11, 88,
"active_shipping", 719, 400, 58, 211,
"springside4", 4654, 2967, 51, 1061,
"rails-i18n", 2967, 2032, 39, 86,
"jshoper3x", 174, 194, 4, 72,
"devise_invitable", 1889, 419, 44, 39,
"twitter", 3817, 1003, 77, 121,
"docker-client", 576, 259, 52, 61,
"data-anonymization", 219, 32, 16, 22,
"less4j", 131, 37, 43, 18,
"shuttle", 542, 85, 14, 58,
"mixpanel", 271, 94, 10, 11,
"VisiCut", 104, 64, 96, 23,
"sup", 618, 90, 89, 44,
"java-api-wrapper", 172, 119, 4, 162,
"the_next_big_thing", 262, 58, 1, 26,
"Vanilla", 115, 78, 0, 33,
"SpongeAPI", 868, 347, 201, 167,